Date,Value
2018-01-01,4915770.11
2018-01-02,4640880.24
2018-01-03,4451041.17
2018-01-04,3653002.58
2018-01-05,3141861.12
2018-01-06,3098216.11
2018-01-07,3314906.38
2018-01-08,3314906.38
2018-01-09,4118373.08
2018-01-10,3901682.81
2018-01-11,3548598.0
2018-01-12,2811243.49
2018-01-13,3527262.95
2018-01-14,3483316.05
2018-01-15,3598048.49
2018-01-16,3598048.49
2018-01-17,3368583.61
2018-01-18,3173769.3
2018-01-19,3173769.3
2018-01-20,3455011.89
2018-01-21,3946629.78
2018-01-22,3392384.23
2018-01-23,3392384.23
2018-01-24,2648368.82
2018-01-25,3887631.33
2018-01-26,4024805.81
2018-01-27,3281639.53
2018-01-28,2993736.04
2018-01-29,3101669.19
2018-01-30,3058036.77
2018-01-31,3058036.77
2018-02-01,2802915.76
2018-02-02,2802915.76
2018-02-03,2895092.94
2018-02-04,2870506.07
2018-02-05,2778328.89
2018-02-06,3099763.38
2018-02-07,2915736.11
2018-02-08,3021430.09
2018-02-09,3371319.69
2018-02-10,3435463.19
2018-02-11,3728285.33
2018-02-12,3943635.9
2018-02-13,3805423.59
2018-02-14,3571845.18
2018-02-15,3371848.07
2018-02-16,3472384.41
2018-02-17,3273638.97
2018-02-18,3436595.39
2018-02-19,3436595.39
2018-02-20,2903735.21
2018-02-21,2436081.49
2018-02-22,2774976.49
2018-02-23,2978722.33
2018-02-24,3077522.7
2018-02-25,3244164.95
2018-02-26,3458477.68
2018-02-27,3458477.68
2018-02-28,3742267.65
2018-03-01,3848414.49
2018-03-02,3722649.72
2018-03-03,3679633.68
2018-03-04,4106736.98
2018-03-05,4006735.28
2018-03-06,4006735.28
2018-03-07,4078130.92
2018-03-08,3514815.46
2018-03-09,3858119.61
2018-03-10,3143987.08
2018-03-11,3552466.24
2018-03-12,3552466.24
2018-03-13,4249264.04
2018-03-14,4654327.85
2018-03-15,3711372.02
2018-03-16,3562844.42
2018-03-17,3562844.42
2018-03-18,3309981.46
2018-03-19,2621530.23
2018-03-20,2664703.48
2018-03-21,2496375.55
2018-03-22,2462592.99
2018-03-23,2462592.99
2018-03-24,2462592.99
2018-03-25,2220045.3
2018-03-26,2220045.3
2018-03-27,2243613.23
2018-03-28,2243613.23
2018-03-29,2922422.19
2018-03-30,3072314.67
2018-03-31,3313874.86
2018-04-01,3313874.86
2018-04-02,3895543.98
2018-04-03,4571660.88
2018-04-04,4913273.1
2018-04-05,4913273.1
2018-04-06,4688393.5
2018-04-07,4688393.5
2018-04-08,4926041.42
2018-04-09,4926041.42
2018-04-10,5302008.56
2018-04-11,5302008.56
2018-04-12,5302008.56
2018-04-13,5278440.63
2018-04-14,5278440.63
2018-04-15,5532995.57
2018-04-16,6197180.71
2018-04-17,5907717.32
2018-04-18,5167444.34
2018-04-19,4977014.03
2018-04-20,4362260.51
2018-04-21,4161162.67
2018-04-22,4161162.67
2018-04-23,3841074.21
2018-04-24,4066777.78
2018-04-25,3936868.03
2018-04-26,3560900.89
2018-04-27,3163686.77
2018-04-28,3163686.77
2018-04-29,4324188.28
2018-04-30,4273511.27
2018-05-01,3802505.08
2018-05-02,3561724.83
2018-05-03,3762784.92
2018-05-04,3762784.92
2018-05-05,2886230.59
2018-05-06,2886230.59
2018-05-07,2617209.1
2018-05-08,2617209.1
2018-05-09,2641424.88
2018-05-10,3025782.63
2018-05-11,3025782.63
2018-05-12,2740539.71
2018-05-13,3089580.21
2018-05-14,3089580.21
2018-05-15,3089580.21
2018-05-16,3089580.21
2018-05-17,3838608.61
2018-05-18,3482372.6
2018-05-19,3802008.21
2018-05-20,4186303.05
2018-05-21,3575826.6
2018-05-22,3775823.71
2018-05-23,4537293.35
2018-05-24,4575673.77
2018-05-25,5569111.63
2018-05-26,5222505.32
2018-05-27,5222505.32
2018-05-28,5300197.06
2018-05-29,5798381.5
2018-05-30,5917353.27
2018-05-31,5826974.98
2018-06-01,5312726.36
2018-06-02,4877295.34
2018-06-03,4877295.34
2018-06-04,4677725.94
2018-06-05,4567585.06
2018-06-06,4567585.06
2018-06-07,4393659.21
2018-06-08,4710904.68
2018-06-09,4822624.29
2018-06-10,4991706.98
2018-06-11,5081707.88
2018-06-12,5090431.84
2018-06-13,5748654.24
2018-06-14,5876305.93
2018-06-15,5467952.56
2018-06-16,5476387.2
2018-06-17,4980240.65
2018-06-18,4694551.16
2018-06-19,3725675.01
2018-06-20,3599576.88
2018-06-21,3561095.82
2018-06-22,3561095.82
2018-06-23,4625067.61
2018-06-24,3927590.51
2018-06-25,3927590.51
2018-06-26,3845420.44
2018-06-27,3830909.85
2018-06-28,4795527.78
2018-06-29,4517537.01
2018-06-30,3779000.03
2018-07-01,3924829.29
2018-07-02,3924829.29
2018-07-03,3297735.17
2018-07-04,3701371.19
2018-07-05,2448371.72
2018-07-06,2187155.88
2018-07-07,2187155.88
2018-07-08,1717546.03
2018-07-09,1717546.03
2018-07-10,1563609.2
2018-07-11,1563609.2
2018-07-12,1868715.34
2018-07-13,1979711.63
2018-07-14,1979711.63
2018-07-15,2202559.63
2018-07-16,2697278.41
2018-07-17,2697278.41
2018-07-18,2697278.41
2018-07-19,2697278.41
2018-07-20,2697561.46
2018-07-21,2697561.46
2018-07-22,2953261.13
2018-07-23,2953261.13
2018-07-24,2953261.13
2018-07-25,2737470.31
2018-07-26,3263726.18
2018-07-27,3263726.18
2018-07-28,3647360.61
2018-07-29,3209816.22
2018-07-30,3327693.56
2018-07-31,3327693.56
2018-08-01,3327693.56
2018-08-02,3543314.56
2018-08-03,3825934.63
2018-08-04,2930894.57
2018-08-05,2908955.71
2018-08-06,2908955.71
2018-08-07,2908955.71
2018-08-08,2216510.44
2018-08-09,2097054.34
2018-08-10,2023828.37
2018-08-11,2966476.01
2018-08-12,3356721.03
2018-08-13,3878328.74
2018-08-14,3588513.12
2018-08-15,3416140.86
2018-08-16,3596060.9
2018-08-17,3596060.9
2018-08-18,3596060.9
2018-08-19,2989817.49
2018-08-20,2989817.49
2018-08-21,2993692.01
2018-08-22,3389560.12
2018-08-23,3389560.12
2018-08-24,3389560.12
2018-08-25,3389560.12
2018-08-26,3389560.12
2018-08-27,3696811.08
2018-08-28,4019421.75
2018-08-29,4730705.0
2018-08-30,4234457.81
2018-08-31,4234457.81
2018-09-01,4398999.27
2018-09-02,4218337.03
2018-09-03,3071113.3
2018-09-04,3071113.3
2018-09-05,3698974.78
2018-09-06,3698974.78
2018-09-07,3648480.19
2018-09-08,3603998.65
2018-09-09,3984242.88
2018-09-10,3984242.88
2018-09-11,3727668.93
2018-09-12,4344026.36
2018-09-13,3971971.48
2018-09-14,4388633.7
2018-09-15,4636747.86
2018-09-16,4733843.66
2018-09-17,3694200.87
2018-09-18,4210688.67
2018-09-19,4640911.72
2018-09-20,4037247.13
2018-09-21,3754073.55
2018-09-22,3754073.55
2018-09-23,3754073.55
2018-09-24,3399491.77
2018-09-25,2579136.92
2018-09-26,2686881.37
2018-09-27,3240296.65
2018-09-28,4265133.23
2018-09-29,4443248.08
2018-09-30,3950252.72
2018-10-01,4093408.81
2018-10-02,4402980.7
2018-10-03,4105013.49
2018-10-04,3760432.5
2018-10-05,3291174.89
2018-10-06,3639630.41
2018-10-07,3639630.41
2018-10-08,2967199.33
2018-10-09,2967199.33
2018-10-10,3191059.98
2018-10-11,3191059.98
2018-10-12,2455208.74
2018-10-13,2100696.13
2018-10-14,2100696.13
2018-10-15,2419073.77
2018-10-16,2419073.77
2018-10-17,1872407.45
2018-10-18,1691996.81
2018-10-19,1468771.43
2018-10-20,1468771.43
2018-10-21,1839373.37
2018-10-22,1960395.62
2018-10-23,2690630.06
2018-10-24,3259071.7
2018-10-25,3259071.7
2018-10-26,3558850.39
2018-10-27,4028271.54
2018-10-28,4524499.86
2018-10-29,4524499.86
2018-10-30,4524499.86
2018-10-31,4524499.86
2018-11-01,4206122.22
2018-11-02,4470539.57
2018-11-03,4628866.68
2018-11-04,4364449.33
2018-11-05,4575057.35
2018-11-06,4399049.58
2018-11-07,4486660.36
2018-11-08,3944491.26
2018-11-09,4398382.89
2018-11-10,4441109.58
2018-11-11,4233596.14
2018-11-12,4336434.55
2018-11-13,4213405.85
2018-11-14,4142525.97
2018-11-15,4138211.16
2018-11-16,5026829.33
2018-11-17,5283856.15
2018-11-18,4787627.83
2018-11-19,4754776.14
2018-11-20,5232166.48
2018-11-21,5232166.48
2018-11-22,4899479.53
2018-11-23,4816114.38
2018-11-24,4469023.75
2018-11-25,4366185.34
2018-11-26,4390564.65
2018-11-27,4597455.39
2018-11-28,4477948.97
2018-11-29,4477948.97
2018-11-30,3908444.35
2018-12-01,3908444.35
2018-12-02,4482653.75
2018-12-03,4261799.63
2018-12-04,4837461.96
2018-12-05,4541230.75
2018-12-06,4786495.63
2018-12-07,4564760.93
2018-12-08,3771471.12
2018-12-09,3567807.05
2018-12-10,3569379.5
2018-12-11,3565605.61
2018-12-12,3565605.61
2018-12-13,3565605.61
2018-12-14,4109592.47
2018-12-15,3537961.89
2018-12-16,2776989.15
2018-12-17,2097827.98
2018-12-18,2136378.23
2018-12-19,2012752.0
2018-12-20,2193433.1
2018-12-21,2193433.1
2018-12-22,2415721.3
2018-12-23,2415721.3
2018-12-24,2254205.25
2018-12-25,2531994.74
2018-12-26,3469641.99
2018-12-27,3577788.99
2018-12-28,3577788.99
2018-12-29,4755996.33
2018-12-30,5759101.62
2018-12-31,5590754.84
2019-01-01,6394183.8
2019-01-02,6394183.8
2019-01-03,6116394.31
2019-01-04,6504752.38
2019-01-05,7027265.82
2019-01-06,6821714.82
2019-01-07,6562832.5
2019-01-08,5893200.42
2019-01-09,6097040.61
2019-01-10,5582546.68
2019-01-11,5583075.03
2019-01-12,5551280.03
2019-01-13,5687272.03
2019-01-14,6192997.98
2019-01-15,6192997.98
2019-01-16,6192997.98
2019-01-17,6192997.98
2019-01-18,6525269.81
2019-01-19,6419299.08
2019-01-20,5683309.46
2019-01-21,6069151.61
2019-01-22,5572533.32
2019-01-23,5097759.55
2019-01-24,5097759.55
2019-01-25,5097759.55
2019-01-26,5578659.6
2019-01-27,5578659.6
2019-01-28,5057051.89
2019-01-29,5065411.02
2019-01-30,5065411.02
2019-01-31,5481331.04
2019-02-01,4533764.76
2019-02-02,4707734.63
2019-02-03,5173759.28
2019-02-04,5512226.56
2019-02-05,4944709.53
2019-02-06,4306180.53
2019-02-07,4722308.11
2019-02-08,5158072.5
2019-02-09,5199000.33
2019-02-10,5199000.33
2019-02-11,4492000.46
2019-02-12,4000791.4
2019-02-13,4064809.11
2019-02-14,4655070.11
2019-02-15,5114006.14
2019-02-16,5765655.7
2019-02-17,5809973.71
2019-02-18,6060207.54
2019-02-19,5837604.84
2019-02-20,5837604.84
2019-02-21,5505333.01
2019-02-22,5953393.97
2019-02-23,5953393.97
2019-02-24,5933310.6
2019-02-25,6026431.23
2019-02-26,6026431.23
2019-02-27,6157598.93
2019-02-28,6157598.93
2019-03-01,6863812.59
2019-03-02,7137293.56
2019-03-03,6984067.47
2019-03-04,7156685.03
2019-03-05,7730724.61
2019-03-06,7369878.15
2019-03-07,7015334.1
2019-03-08,7192983.52
2019-03-09,7219866.18
2019-03-10,7613627.19
2019-03-11,7695426.18
2019-03-12,7695426.18
2019-03-13,7333422.41
2019-03-14,7333422.41
2019-03-15,7674827.03
2019-03-16,7295771.59
2019-03-17,7659957.91
2019-03-18,7231496.0
2019-03-19,6908136.85
2019-03-20,6908136.85
2019-03-21,6808701.23
2019-03-22,6527156.73
2019-03-23,5474972.04
2019-03-24,5099608.69
2019-03-25,4980574.02
2019-03-26,4787325.89
2019-03-27,4787325.89
2019-03-28,4787325.89
2019-03-29,5198981.45
2019-03-30,5093350.35
2019-03-31,5229191.4
2019-04-01,5310518.66
2019-04-02,5310518.66
2019-04-03,5310518.66
2019-04-04,4924645.06
2019-04-05,5060486.1
2019-04-06,5916170.82
2019-04-07,6385824.69
2019-04-08,5735942.59
2019-04-09,5426087.64
2019-04-10,5019652.66
2019-04-11,4523958.97
2019-04-12,4523958.97
2019-04-13,3408152.85
2019-04-14,3408152.85
2019-04-15,2813048.7
2019-04-16,3282645.96
2019-04-17,3201318.7
2019-04-18,3201318.7
2019-04-19,2712707.33
2019-04-20,3075314.88
2019-04-21,3075314.88
2019-04-22,3075314.88
2019-04-23,3375313.69
2019-04-24,3375313.69
2019-04-25,3735700.97
2019-04-26,3735700.97
2019-04-27,4067784.1
2019-04-28,4067784.1
2019-04-29,4503573.62
2019-04-30,4717081.25
2019-05-01,4717081.25
2019-05-02,4717081.25
2019-05-03,4579730.66
2019-05-04,4721289.14
2019-05-05,5894150.14
2019-05-06,5535310.15
2019-05-07,6787800.14
2019-05-08,7106668.39
2019-05-09,6069132.67
2019-05-10,6298792.53
2019-05-11,5878450.77
2019-05-12,5878450.77
2019-05-13,4945652.98
2019-05-14,5675843.41
2019-05-15,5561400.3
2019-05-16,5561400.3
2019-05-17,5170947.72
2019-05-18,5561645.6
2019-05-19,5310858.28
2019-05-20,5310858.28
2019-05-21,6118124.03
2019-05-22,5615058.68
2019-05-23,5841108.2
2019-05-24,6356677.69
2019-05-25,5908547.55
2019-05-26,6388372.06
2019-05-27,6119010.92
2019-05-28,5703688.43
2019-05-29,4968818.4
2019-05-30,4968818.4
2019-05-31,5238324.21
2019-06-01,5324890.88
2019-06-02,7096177.02
2019-06-03,6980991.71
2019-06-04,6874700.2
2019-06-05,6626258.97
2019-06-06,5886508.05
2019-06-07,5427565.72
2019-06-08,5761567.24
2019-06-09,5498458.17
2019-06-10,6077127.05
2019-06-11,4797766.99
2019-06-12,5037610.07
2019-06-13,5037610.07
2019-06-14,4487622.71
2019-06-15,4591178.16
2019-06-16,4088112.82
2019-06-17,3776729.44
2019-06-18,3999954.83
2019-06-19,3931314.13
2019-06-20,3698842.72
2019-06-21,4753014.98
2019-06-22,4753014.98
2019-06-23,4526411.97
2019-06-24,4125707.0
2019-06-25,4125707.0
2019-06-26,4125707.0
2019-06-27,3931477.64
2019-06-28,3620471.66
2019-06-29,3769452.12
2019-06-30,3769452.12
2019-07-01,4049499.65
2019-07-02,3962932.98
2019-07-03,4262623.59
2019-07-04,4758851.91
2019-07-05,4895579.82
2019-07-06,4947225.46
2019-07-07,4450997.14
2019-07-08,5047830.97
2019-07-09,3486454.67
2019-07-10,3546912.33
2019-07-11,3432777.42
2019-07-12,3622874.37
2019-07-13,3884385.84
2019-07-14,2635147.67
2019-07-15,2635147.67
2019-07-16,2413828.1
2019-07-17,2473575.01
2019-07-18,2703448.72
2019-07-19,2891935.47
2019-07-20,2891935.47
2019-07-21,3835526.56
2019-07-22,4135525.37
2019-07-23,4815145.7
2019-07-24,4578931.86
2019-07-25,4578931.86
2019-07-26,5922177.55
2019-07-27,4983561.69
2019-07-28,5386681.95
2019-07-29,5033653.75
2019-07-30,5527284.38
2019-07-31,5527284.38
2019-08-01,5867594.59
2019-08-02,5666427.58
2019-08-03,5428238.74
2019-08-04,5428238.74
2019-08-05,5428238.74
2019-08-06,5314399.45
2019-08-07,5314399.45
2019-08-08,4974089.24
2019-08-09,4674090.43
2019-08-10,4674090.43
2019-08-11,4447380.49
2019-08-12,4218903.13
2019-08-13,4218903.13
2019-08-14,4245961.89
2019-08-15,4142406.44
2019-08-16,4398414.31
2019-08-17,3851653.64
2019-08-18,4448367.98
2019-08-19,4124335.8
2019-08-20,4728371.48
2019-08-21,5374926.29
2019-08-22,4957194.81
2019-08-23,4957194.81
2019-08-24,4957194.81
2019-08-25,4664982.78
2019-08-26,4457777.54
2019-08-27,4050046.87
2019-08-28,4652730.24
2019-08-29,3930748.02
2019-08-30,3706686.09
2019-08-31,4407760.97
2019-09-01,4487333.37
2019-09-02,4207116.02
2019-09-03,3992847.33
2019-09-04,3992847.33
2019-09-05,3700383.71
2019-09-06,3161661.43
2019-09-07,3161661.43
2019-09-08,2781285.13
2019-09-09,2781285.13
2019-09-10,3081327.97
2019-09-11,3001755.57
2019-09-12,2745634.48
2019-09-13,2745634.48
2019-09-14,3141244.7
2019-09-15,3441243.52
2019-09-16,3083391.02
2019-09-17,3263896.01
2019-09-18,3263896.01
2019-09-19,2991761.06
2019-09-20,2816482.9
2019-09-21,2509709.95
2019-09-22,2509709.95
2019-09-23,1797445.5
2019-09-24,1706891.09
2019-09-25,1706891.09
2019-09-26,1205486.25
2019-09-27,461024.26
2019-09-28,461024.26
2019-09-29,461024.26
2019-09-30,461024.26
2019-10-01,1146865.21
2019-10-02,1146865.21
2019-10-03,1557696.77
2019-10-04,1557696.77
2019-10-05,1551954.17
2019-10-06,1384576.02
2019-10-07,1738950.24
2019-10-08,1514699.62
2019-10-09,1514699.62
2019-10-10,1514699.62
2019-10-11,2062561.0
2019-10-12,2571853.26
2019-10-13,2740470.51
2019-10-14,3777213.71
2019-10-15,3617358.17
2019-10-16,4177113.58
2019-10-17,4177113.58
2019-10-18,3950869.09
2019-10-19,3950869.09
2019-10-20,3642360.17
2019-10-21,3879083.48
2019-10-22,3879083.48
2019-10-23,4363191.34
2019-10-24,4363191.34
2019-10-25,3894575.28
2019-10-26,4193026.81
2019-10-27,4193026.81
2019-10-28,4193026.81
2019-10-29,4193026.81
2019-10-30,3675262.18
2019-10-31,3675262.18
2019-11-01,3223408.48
2019-11-02,3223408.48
2019-11-03,3610263.28
2019-11-04,3610263.28
2019-11-05,2983559.13
2019-11-06,2699750.3
2019-11-07,1956577.73
2019-11-08,2014689.29
2019-11-09,2020010.47
2019-11-10,2339268.66
2019-11-11,2339268.66
2019-11-12,2488664.26
2019-11-13,2786361.0
2019-11-14,2786361.0
2019-11-15,2802274.23
2019-11-16,2254412.85
2019-11-17,2765793.32
2019-11-18,3319095.38
2019-11-19,3622553.58
2019-11-20,3100945.87
2019-11-21,3205274.96
2019-11-22,3505273.77
2019-11-23,3505273.77
2019-11-24,3505273.77
2019-11-25,3671815.38
2019-11-26,3039098.18
2019-11-27,2661640.35
2019-11-28,2820583.87
2019-11-29,2824049.55
2019-11-30,2824049.55
2019-12-01,2119722.84
2019-12-02,1722709.98
2019-12-03,1594970.21
2019-12-04,2100664.69
2019-12-05,2198842.35
2019-12-06,2505080.65
2019-12-07,2505080.65
2019-12-08,2505080.65
2019-12-09,3235365.4
2019-12-10,3332649.9
2019-12-11,4600807.81
2019-12-12,4600807.81
2019-12-13,5162506.77
2019-12-14,5162506.77
2019-12-15,5162506.77
2019-12-16,5116672.91
2019-12-17,5828019.05
2019-12-18,5999969.9
2019-12-19,6600439.26
2019-12-20,6094744.78
2019-12-21,6094744.78
2019-12-22,6181827.21
2019-12-23,6181827.21
2019-12-24,6181827.21
2019-12-25,6181827.21
2019-12-26,6061635.22
2019-12-27,6153831.27
2019-12-28,6237850.56
2019-12-29,6078013.88
2019-12-30,6097235.55
2019-12-31,5715305.67
2020-01-01,5516069.64
2020-01-02,5516069.64
2020-01-03,5516069.64
2020-01-04,5516069.64
2020-01-05,5960230.91
2020-01-06,4366795.42
2020-01-07,4457871.88
2020-01-08,4457871.88
2020-01-09,3721165.23
2020-01-10,3667003.67
2020-01-11,3667003.67
2020-01-12,3170756.48
2020-01-13,3331310.19
2020-01-14,3031311.38
2020-01-15,2222485.76
2020-01-16,1869061.3
2020-01-17,2632115.96
2020-01-18,3621987.49
2020-01-19,3980399.78
2020-01-20,3980399.78
2020-01-21,4146551.42
2020-01-22,4146551.42
2020-01-23,4146551.42
2020-01-24,4146551.42
2020-01-25,4446550.23
2020-01-26,4446550.23
2020-01-27,3919011.22
2020-01-28,3919011.22
2020-01-29,3422135.05
2020-01-30,3666179.71
2020-01-31,2904018.18
2020-02-01,2683899.98
2020-02-02,2806318.55
2020-02-03,2463844.65
2020-02-04,2346200.03
2020-02-05,2602214.2
2020-02-06,2602214.2
2020-02-07,2535234.01
2020-02-08,2535234.01
2020-02-09,2535234.01
2020-02-10,1616946.81
2020-02-11,1896359.07
2020-02-12,1896359.07
2020-02-13,2408381.1
2020-02-14,2408381.1
2020-02-15,2408381.1
2020-02-16,2408381.1
2020-02-17,2663552.43
2020-02-18,2910553.3
2020-02-19,3088309.65
2020-02-20,2844264.99
2020-02-21,3022021.33
2020-02-22,3558384.94
2020-02-23,3656984.02
2020-02-24,4027007.29
2020-02-25,4027007.29
2020-02-26,4167471.35
2020-02-27,3797448.08
2020-02-28,3650241.34
2020-02-29,3650241.34
2020-03-01,4172773.66
2020-03-02,6565675.53
2020-03-03,5906912.2
2020-03-04,6371553.11
2020-03-05,6337424.6
2020-03-06,7210745.93
2020-03-07,7377168.04
2020-03-08,7598349.23
2020-03-09,7864401.94
2020-03-10,8601341.31
2020-03-11,8601341.31
2020-03-12,8550613.99
2020-03-13,8550613.99
2020-03-14,9436250.79
2020-03-15,9830848.35
2020-03-16,10174114.77
2020-03-17,10053853.59
2020-03-18,10567385.21
2020-03-19,10639881.57
2020-03-20,11517360.48
2020-03-21,11146563.57
2020-03-22,11537500.47
2020-03-23,12021702.68
2020-03-24,11552111.71
2020-03-25,11151803.0
2020-03-26,11151803.0
2020-03-27,11151803.0
2020-03-28,11075696.25
2020-03-29,11402999.13
2020-03-30,12658973.7
2020-03-31,14085584.55
2020-04-01,14440468.25
2020-04-02,14000634.37
2020-04-03,13986136.37
2020-04-04,13041620.66
2020-04-05,12755472.01
2020-04-06,12319405.73
2020-04-07,12015796.56
2020-04-08,11137701.25
2020-04-09,11634319.54
2020-04-10,11836775.96
2020-04-11,11836775.96
2020-04-12,11601757.19
2020-04-13,11601757.19
2020-04-14,11407313.97
2020-04-15,11407313.97
2020-04-16,11668712.22
2020-04-17,11059776.79
2020-04-18,11355517.4
2020-04-19,11102490.89
2020-04-20,10799825.19
2020-04-21,10938704.21
2020-04-22,10745380.58
2020-04-23,11120316.18
2020-04-24,11311979.3
2020-04-25,11556413.93
2020-04-26,11556413.93
2020-04-27,11409320.42
2020-04-28,10959995.21
2020-04-29,10876661.5
2020-04-30,10876661.5
2020-05-01,11122027.01
2020-05-02,11334572.29
2020-05-03,10990903.31
2020-05-04,10890813.55
2020-05-05,10815530.8
2020-05-06,10926841.59
2020-05-07,11086206.53
2020-05-08,10950963.02
2020-05-09,10950963.02
2020-05-10,10445778.01
2020-05-11,10526583.21
2020-05-12,11053518.39
2020-05-13,11267730.47
2020-05-14,10938641.29
2020-05-15,10766570.94
2020-05-16,11588617.75
2020-05-17,10768759.8
2020-05-18,10525004.48
2020-05-19,10525004.48
2020-05-20,10211633.53
2020-05-21,10334058.42
2020-05-22,10334058.42
2020-05-23,10285519.95
2020-05-24,10352669.97
2020-05-25,10066187.96
2020-05-26,10993419.26
2020-05-27,10993419.26
2020-05-28,10993419.26
2020-05-29,11121020.65
2020-05-30,11121020.65
2020-05-31,10368539.16
2020-06-01,10346480.8
2020-06-02,10639227.46
2020-06-03,10538276.0
2020-06-04,10538276.0
2020-06-05,11363914.28
2020-06-06,11808239.08
2020-06-07,12257035.94
2020-06-08,12331004.13
2020-06-09,12189225.5
2020-06-10,12087072.68
2020-06-11,12368302.7
2020-06-12,11862872.38
2020-06-13,11349347.08
2020-06-14,11195284.45
2020-06-15,11195284.45
2020-06-16,11356184.09
2020-06-17,12040521.78
2020-06-18,12040521.78
2020-06-19,11658705.11
2020-06-20,11123567.98
2020-06-21,11049499.17
2020-06-22,11308526.16
2020-06-23,11308526.16
2020-06-24,11308526.16
2020-06-25,11308526.16
2020-06-26,10033191.57
2020-06-27,10525639.71
2020-06-28,10525639.71
2020-06-29,10249573.63
2020-06-30,10462565.48
2020-07-01,10462565.48
2020-07-02,10000597.75
2020-07-03,9197948.71
2020-07-04,9037030.19
2020-07-05,9164738.5
2020-07-06,9325977.8
2020-07-07,9258821.49
2020-07-08,9258821.49
2020-07-09,9226504.43
2020-07-10,9226504.43
2020-07-11,8720809.95
2020-07-12,8436007.33
2020-07-13,8949545.22
2020-07-14,9029042.14
2020-07-15,9029042.14
2020-07-16,9029042.14
2020-07-17,9029042.14
2020-07-18,8291687.64
2020-07-19,8130448.34
2020-07-20,8130448.34
2020-07-21,7989977.99
2020-07-22,7989977.99
2020-07-23,7989977.99
2020-07-24,7989977.99
2020-07-25,8666855.96
2020-07-26,8277566.99
2020-07-27,7593229.3
2020-07-28,7987147.56
2020-07-29,8637790.74
2020-07-30,8122542.03
2020-07-31,7752858.4
2020-08-01,7729359.68
2020-08-02,8196529.08
2020-08-03,8316651.88
2020-08-04,8298549.82
2020-08-05,7681896.77
2020-08-06,7657586.66
2020-08-07,7462080.47
2020-08-08,7462080.47
2020-08-09,7963667.71
2020-08-10,7990632.14
2020-08-11,7694514.14
2020-08-12,7694514.14
2020-08-13,6999018.32
2020-08-14,6883248.06
2020-08-15,7393112.69
2020-08-16,7393112.69
2020-08-17,7342253.28
2020-08-18,7111725.45
2020-08-19,6644556.05
2020-08-20,7238358.21
2020-08-21,7496422.85
2020-08-22,7496422.85
2020-08-23,7064476.4
2020-08-24,6958851.61
2020-08-25,7469559.09
2020-08-26,7814026.86
2020-08-27,7559346.14
2020-08-28,7863068.51
2020-08-29,8115673.6
2020-08-30,8035962.82
2020-08-31,8035962.82
2020-09-01,8131366.67
2020-09-02,8131366.67
2020-09-03,7982625.21
2020-09-04,7638157.44
2020-09-05,7919997.57
2020-09-06,7919997.57
2020-09-07,7682550.92
2020-09-08,7426549.33
2020-09-09,7327572.87
2020-09-10,7673864.69
2020-09-11,8010048.76
2020-09-12,8105018.61
2020-09-13,8095024.1
2020-09-14,7861395.37
2020-09-15,7861395.37
2020-09-16,7046412.03
2020-09-17,6723795.06
2020-09-18,6906036.04
2020-09-19,6532836.4
2020-09-20,6200231.23
2020-09-21,6166203.36
2020-09-22,6312938.36
2020-09-23,6869070.84
2020-09-24,7127468.85
2020-09-25,6703359.48
2020-09-26,6703359.48
2020-09-27,6703359.48
2020-09-28,6727204.16
2020-09-29,6941762.18
2020-09-30,5618650.18
2020-10-01,4871728.86
2020-10-02,5333501.6
2020-10-03,5274150.94
2020-10-04,5274150.94
2020-10-05,4601248.13
2020-10-06,4944300.69
2020-10-07,4944300.69
2020-10-08,4944300.69
2020-10-09,4750146.81
2020-10-10,4238124.77
2020-10-11,4725666.86
2020-10-12,5025785.17
2020-10-13,4733038.51
2020-10-14,4638068.66
2020-10-15,4459702.21
2020-10-16,4806384.0
2020-10-17,3723555.36
2020-10-18,3723555.36
2020-10-19,3723555.36
2020-10-20,3866334.07
2020-10-21,3363136.64
2020-10-22,3363136.64
2020-10-23,3310887.18
2020-10-24,2799865.22
2020-10-25,2799865.22
2020-10-26,2799865.22
2020-10-27,2799865.22
2020-10-28,2413331.21
2020-10-29,2916396.55
2020-10-30,2880827.67
2020-10-31,2880827.67
2020-11-01,2880827.67
2020-11-02,3401366.11
2020-11-03,4395005.24
2020-11-04,4457312.11
2020-11-05,4584397.74
2020-11-06,4532355.85
2020-11-07,4532355.85
2020-11-08,4532355.85
2020-11-09,4877773.38
2020-11-10,4766424.86
2020-11-11,4883736.12
2020-11-12,5383807.52
2020-11-13,5729501.81
2020-11-14,5729501.81
2020-11-15,5729501.81
2020-11-16,4943187.4
2020-11-17,5383071.6
2020-11-18,5383071.6
2020-11-19,5687649.39
2020-11-20,5687649.39
2020-11-21,5375913.8
2020-11-22,5375913.8
2020-11-23,5051240.06
2020-11-24,5270540.6
2020-11-25,5152921.14
2020-11-26,5152921.14
2020-11-27,4888484.92
2020-11-28,4385419.58
2020-11-29,4385419.58
2020-11-30,4782344.37
2020-12-01,4477213.07
2020-12-02,4606550.45
2020-12-03,4606550.45
2020-12-04,4720836.31
2020-12-05,4979712.34
2020-12-06,5463512.0
2020-12-07,5463512.0
2020-12-08,5463512.0
2020-12-09,5463512.0
2020-12-10,5196144.74
2020-12-11,5788739.26
2020-12-12,6229340.5
2020-12-13,5631248.69
2020-12-14,5743245.06
2020-12-15,5464537.26
2020-12-16,5464537.26
2020-12-17,5141555.48
2020-12-18,5176564.57
2020-12-19,4952018.33
2020-12-20,4319911.23
2020-12-21,4319911.23
2020-12-22,4278606.04
2020-12-23,4565930.87
2020-12-24,4565930.87
2020-12-25,3639850.59
2020-12-26,3639850.59
2020-12-27,3639850.59
2020-12-28,3206488.92
2020-12-29,2968664.88
2020-12-30,2968664.88
2020-12-31,3311113.62
2021-01-01,3311113.62
2021-01-02,4040964.38
2021-01-03,3620553.44
2021-01-04,3491216.06
2021-01-05,3491216.06
2021-01-06,3871648.96
2021-01-07,3871648.96
2021-01-08,3375930.11
2021-01-09,3375930.11
2021-01-10,3315283.76
2021-01-11,3290545.94
2021-01-12,3212036.53
2021-01-13,3212036.53
2021-01-14,3358658.31
2021-01-15,3358658.31
2021-01-16,3358658.31
2021-01-17,3293615.37
2021-01-18,2951166.63
2021-01-19,2951166.63
2021-01-20,2951166.63
2021-01-21,2854360.15
2021-01-22,2538202.82
2021-01-23,2538202.82
2021-01-24,2538202.82
2021-01-25,2100979.2
2021-01-26,2226857.18
2021-01-27,2420577.06
2021-01-28,2420577.06
2021-01-29,2471757.24
2021-01-30,3050885.26
2021-01-31,3195915.7
2021-02-01,3195915.7
2021-02-02,3819223.36
2021-02-03,3819223.36
2021-02-04,3909633.1
2021-02-05,3909633.1
2021-02-06,3909633.1
2021-02-07,3909633.1
2021-02-08,3819223.36
2021-02-09,4390206.09
2021-02-10,4390206.09
2021-02-11,4320238.23
2021-02-12,4958528.23
2021-02-13,5477022.48
2021-02-14,4971837.47
2021-02-15,4655950.6
2021-02-16,5160959.5
2021-02-17,5763510.78
2021-02-18,5763510.78
2021-02-19,5911566.64
2021-02-20,5911566.64
2021-02-21,5911566.64
2021-02-22,5798796.62
2021-02-23,4674882.92
2021-02-24,4674882.92
2021-02-25,4674882.92
2021-02-26,5273069.07
2021-02-27,5539304.18
2021-02-28,5539304.18
2021-03-01,5027904.84
2021-03-02,4507819.27
2021-03-03,5011041.87
2021-03-04,5011041.87
2021-03-05,4743630.57
2021-03-06,4743630.57
2021-03-07,5231323.62
2021-03-08,5430855.29
2021-03-09,5174149.25
2021-03-10,5167400.29
2021-03-11,5136196.53
2021-03-12,5766448.14
2021-03-13,5766448.14
2021-03-14,6105437.49
2021-03-15,6882883.25
2021-03-16,7461074.1
2021-03-17,6957901.82
2021-03-18,6957901.82
2021-03-19,6523892.3
2021-03-20,6233560.93
2021-03-21,6233560.93
2021-03-22,6648480.87
2021-03-23,6648480.87
2021-03-24,5808765.98
2021-03-25,4877515.5
2021-03-26,5076286.11
2021-03-27,5415621.4
2021-03-28,5077248.48
2021-03-29,5709456.25
2021-03-30,6417003.37
2021-03-31,7990078.75
2021-04-01,7435474.67
2021-04-02,7936854.34
2021-04-03,7936854.34
2021-04-04,8110258.13
2021-04-05,8110258.13
2021-04-06,8449247.48
2021-04-07,7960636.12
2021-04-08,8310443.96
2021-04-09,8420647.73
2021-04-10,8814188.6
2021-04-11,9031570.74
2021-04-12,9031570.74
2021-04-13,9002348.28
2021-04-14,9096185.97
2021-04-15,9096185.97
2021-04-16,9421249.68
2021-04-17,8448033.53
2021-04-18,8148034.72
2021-04-19,8994680.98
2021-04-20,8994680.98
2021-04-21,9021941.01
2021-04-22,8781336.87
2021-04-23,8528071.35
2021-04-24,8657710.65
2021-04-25,8657710.65
2021-04-26,8436718.16
2021-04-27,9116156.1
2021-04-28,8014602.69
2021-04-29,8640457.72
2021-04-30,8246916.85
2021-05-01,8501597.58
2021-05-02,8327181.13
2021-05-03,7782483.52
2021-05-04,7142979.58
2021-05-05,6922100.3
2021-05-06,6820494.7
2021-05-07,6044841.52
2021-05-08,5651023.89
2021-05-09,5734263.25
2021-05-10,5317204.76
2021-05-11,5321783.74
2021-05-12,4587221.9
2021-05-13,4517732.07
2021-05-14,3884788.42
2021-05-15,3691533.98
2021-05-16,3766584.0
2021-05-17,3493926.98
2021-05-18,3273745.87
2021-05-19,3114292.88
2021-05-20,2445000.41
2021-05-21,2629354.75
2021-05-22,3011812.97
2021-05-23,3239491.54
2021-05-24,2764208.28
2021-05-25,2914798.93
2021-05-26,2785084.16
2021-05-27,2785084.16
2021-05-28,2967564.16
2021-05-29,2967564.16
2021-05-30,3486265.98
2021-05-31,3407265.95
2021-06-01,3669827.8
2021-06-02,4513096.43
2021-06-03,4940734.37
2021-06-04,4288996.76
2021-06-05,3994973.27
2021-06-06,3865050.94
2021-06-07,3355186.31
2021-06-08,3174511.5
2021-06-09,3174511.5
2021-06-10,3506959.45
2021-06-11,3132740.88
2021-06-12,3132740.88
2021-06-13,3132740.88
2021-06-14,3193324.33
2021-06-15,3193324.33
2021-06-16,3193324.33
2021-06-17,3193324.33
2021-06-18,3193324.33
2021-06-19,3570109.15
2021-06-20,3570109.15
2021-06-21,3570109.15
2021-06-22,3418285.7
2021-06-23,3418285.7
2021-06-24,3230453.08
2021-06-25,2714550.23
2021-06-26,2295636.26
2021-06-27,2467146.81
2021-06-28,3570914.25
2021-06-29,3711252.5
2021-06-30,3711252.5
2021-07-01,4167578.27
2021-07-02,4746165.37
2021-07-03,4382236.92
2021-07-04,4382236.92
2021-07-05,4312369.71
2021-07-06,4312369.71
2021-07-07,4312369.71
2021-07-08,4491371.43
2021-07-09,4956515.51
2021-07-10,5549141.47
2021-07-11,5401802.65
2021-07-12,4936658.57
2021-07-13,5283692.59
2021-07-14,5431182.36
2021-07-15,5078399.46
2021-07-16,5246394.01
2021-07-17,5665006.07
2021-07-18,5888231.45
2021-07-19,5888231.45
2021-07-20,5451548.76
2021-07-21,5442013.41
2021-07-22,5334419.91
2021-07-23,5095017.14
2021-07-24,4832675.42
2021-07-25,4832675.42
2021-07-26,4327402.35
2021-07-27,4282467.94
2021-07-28,4471753.52
2021-07-29,4937847.37
2021-07-30,4228268.67
2021-07-31,4553848.15
2021-08-01,4553848.15
2021-08-02,4591153.02
2021-08-03,4591153.02
2021-08-04,4709351.15
2021-08-05,4778803.24
2021-08-06,4699105.04
2021-08-07,5869443.82
2021-08-08,6218037.75
2021-08-09,6596162.3
2021-08-10,6488065.61
2021-08-11,5320928.32
2021-08-12,5107169.11
2021-08-13,5107169.11
2021-08-14,5845423.05
2021-08-15,6248184.79
2021-08-16,6248184.79
2021-08-17,7278770.29
2021-08-18,7249749.1
2021-08-19,7249749.1
2021-08-20,7148187.52
2021-08-21,7093742.92
2021-08-22,7093742.92
2021-08-23,7190694.08
2021-08-24,7327585.52
2021-08-25,7498907.39
2021-08-26,6906281.43
2021-08-27,7073967.79
2021-08-28,6948316.24
2021-08-29,6706340.94
2021-08-30,6541786.91
2021-08-31,6524005.62
2021-09-01,6486700.75
2021-09-02,6427796.66
2021-09-03,6857195.74
2021-09-04,7096057.58
2021-09-05,7098259.01
2021-09-06,6641386.03
2021-09-07,6956386.04
2021-09-08,7498334.99
2021-09-09,7726824.94
2021-09-10,7533551.64
2021-09-11,7733152.5
2021-09-12,7561830.63
2021-09-13,7479603.93
2021-09-14,6986608.56
2021-09-15,6210294.98
2021-09-16,5950072.95
2021-09-17,5950072.95
2021-09-18,6751747.08
2021-09-19,6767427.58
2021-09-20,7186725.22
2021-09-21,6944693.3
2021-09-22,7523651.5
2021-09-23,7421190.48
2021-09-24,7424360.54
2021-09-25,7484088.58
2021-09-26,7180536.02
2021-09-27,7736064.68
2021-09-28,7593701.11
2021-09-29,7501133.94
2021-09-30,6965122.55
2021-10-01,7290381.24
2021-10-02,7290381.24
2021-10-03,8551368.78
2021-10-04,9137258.36
2021-10-05,8291851.19
2021-10-06,8231292.88
2021-10-07,8459430.6
2021-10-08,9098097.97
2021-10-09,8097785.36
2021-10-10,8097785.36
2021-10-11,7318786.02
2021-10-12,7662694.0
2021-10-13,8092464.18
2021-10-14,8092464.18
2021-10-15,7601934.43
2021-10-16,8355327.95
2021-10-17,8355327.95
2021-10-18,7117392.57
2021-10-19,7117392.57
2021-10-20,6976632.89
2021-10-21,6442149.96
2021-10-22,6544692.74
2021-10-23,6855585.49
2021-10-24,6765546.85
2021-10-25,7999016.47
2021-10-26,7999016.47
2021-10-27,7289840.31
2021-10-28,7382935.8
2021-10-29,7382935.8
2021-10-30,7382935.8
2021-10-31,7096554.42
2021-11-01,6942680.51
2021-11-02,6660318.34
2021-11-03,6477360.33
2021-11-04,7126852.47
2021-11-05,6683477.43
2021-11-06,6539170.3
2021-11-07,6670614.76
2021-11-08,5492552.09
2021-11-09,4860872.68
2021-11-10,4655642.45
2021-11-11,4359436.38
2021-11-12,4989738.29
2021-11-13,4894491.7
2021-11-14,4706111.87
2021-11-15,4954421.03
2021-11-16,5451441.86
2021-11-17,6189695.81
2021-11-18,5508842.68
2021-11-19,4438675.42
2021-11-20,4727528.7
2021-11-21,4727528.7
2021-11-22,4121782.19
2021-11-23,3806920.55
2021-11-24,3806920.55
2021-11-25,3492543.24
2021-11-26,3413335.66
2021-11-27,3413335.66
2021-11-28,3784692.38
2021-11-29,3857490.66
2021-11-30,3642819.42
2021-12-01,2990125.77
2021-12-02,2990125.77
2021-12-03,3243554.83
2021-12-04,3243554.83
2021-12-05,3367319.44
2021-12-06,2676849.18
2021-12-07,2746879.94
2021-12-08,2237952.47
2021-12-09,2606151.66
2021-12-10,2606151.66
2021-12-11,2458485.78
2021-12-12,2458485.78
2021-12-13,2084198.01
2021-12-14,2384196.82
2021-12-15,2208635.62
2021-12-16,2715078.6
2021-12-17,2415079.79
2021-12-18,2240581.57
2021-12-19,2240581.57
2021-12-20,2365748.81
2021-12-21,2241965.33
2021-12-22,2241965.33
2021-12-23,2241965.33
2021-12-24,2241965.33
2021-12-25,3242605.01
2021-12-26,3092190.48
2021-12-27,3092190.48
2021-12-28,3092190.48
2021-12-29,2700341.57
2021-12-30,2700341.57
2021-12-31,2700341.57
2022-01-01,2493828.2
2022-01-02,2358704.19
2022-01-03,1716923.36
2022-01-04,1716923.36
2022-01-05,1716923.36
2022-01-06,2139542.04
2022-01-07,1460707.94
2022-01-08,1214398.96
2022-01-09,1214398.96
2022-01-10,1214398.96
2022-01-11,1492609.88
2022-01-12,1857513.26
2022-01-13,1857513.26
2022-01-14,1460764.57
2022-01-15,1391211.84
2022-01-16,1222393.32
2022-01-17,1222393.32
2022-01-18,1222393.32
2022-01-19,1222393.32
2022-01-20,1152840.59
2022-01-21,1152840.59
2022-01-22,1083287.86
2022-01-23,1083287.86
2022-01-24,1434819.1
2022-01-25,1258251.51
2022-01-26,1409785.63
2022-01-27,1340232.9
2022-01-28,1340232.9
2022-01-29,1856098.03
2022-01-30,1856098.03
2022-01-31,2091513.07
2022-02-01,2091513.07
2022-02-02,2370950.49
2022-02-03,2858781.93
2022-02-04,2342841.32
2022-02-05,2513219.71
2022-02-06,2683881.15
2022-02-07,2683881.15
2022-02-08,2616259.39
2022-02-09,2823477.2
2022-02-10,3097719.24
2022-02-11,2797468.84
2022-02-12,2797468.84
2022-02-13,2797468.84
2022-02-14,2897093.15
2022-02-15,2805677.04
2022-02-16,2889809.55
2022-02-17,2309410.97
2022-02-18,2309410.97
2022-02-19,2746892.46
2022-02-20,2467455.04
2022-02-21,3210916.96
2022-02-22,3908620.5
2022-02-23,3908620.5
2022-02-24,3962851.27
2022-02-25,4365575.26
2022-02-26,4030020.13
2022-02-27,4532827.6
2022-02-28,4710684.58
2022-03-01,4710684.58
2022-03-02,4710684.58
2022-03-03,4467482.76
2022-03-04,4803949.9
2022-03-05,5154795.54
2022-03-06,4042832.48
2022-03-07,4528556.81
2022-03-08,4524795.5
2022-03-09,4622432.23
2022-03-10,4537985.24
2022-03-11,5271823.73
2022-03-12,5199277.05
2022-03-13,5176809.84
2022-03-14,5111251.14
2022-03-15,5104288.31
2022-03-16,5104288.31
2022-03-17,5620159.72
2022-03-18,5023596.34
2022-03-19,4762682.42
2022-03-20,4592467.56
2022-03-21,4446468.47
2022-03-22,4705558.35
2022-03-23,5232531.26
2022-03-24,5777530.78
2022-03-25,5989107.43
2022-03-26,6095512.16
2022-03-27,6095512.16
2022-03-28,5844108.42
2022-03-29,4682745.24
2022-03-30,4996059.59
2022-03-31,5515459.6
2022-04-01,5476959.66
2022-04-02,5309914.87
2022-04-03,5309914.87
2022-04-04,5309914.87
2022-04-05,5309914.87
2022-04-06,5309914.87
2022-04-07,4581246.6
2022-04-08,5095526.68
2022-04-09,4579655.27
2022-04-10,4805648.17
2022-04-11,4646081.96
2022-04-12,4393917.15
2022-04-13,4167924.25
2022-04-14,3907884.6
2022-04-15,3779213.94
2022-04-16,3336235.16
2022-04-17,3336235.16
2022-04-18,3524998.67
2022-04-19,3356739.94
2022-04-20,3356739.94
2022-04-21,3518350.34
2022-04-22,3518350.34
2022-04-23,3906507.13
2022-04-24,4723974.98
2022-04-25,5444768.41
2022-04-26,5643287.43
2022-04-27,5835755.64
2022-04-28,6315882.05
2022-04-29,6370534.22
2022-04-30,6370534.22
2022-05-01,6370534.22
2022-05-02,6941693.06
2022-05-03,7266863.7
2022-05-04,7999884.53
2022-05-05,8125177.56
2022-05-06,8221028.0
2022-05-07,8221028.0
2022-05-08,8302543.94
2022-05-09,7907518.66
2022-05-10,7907518.66
2022-05-11,7584197.22
2022-05-12,7584197.22
2022-05-13,7478710.81
2022-05-14,6466611.07
2022-05-15,5530863.35
2022-05-16,5397626.29
2022-05-17,4660271.77
2022-05-18,4660271.77
2022-05-19,4432568.04
2022-05-20,3975820.85
2022-05-21,4085823.04
2022-05-22,3914626.97
2022-05-23,3883316.29
2022-05-24,4336597.79
2022-05-25,4063701.76
2022-05-26,4691034.89
2022-05-27,4570798.87
2022-05-28,4838348.55
2022-05-29,4387721.36
2022-05-30,4476200.11
2022-05-31,4859136.34
2022-06-01,4231803.21
2022-06-02,4231803.21
2022-06-03,3980959.27
2022-06-04,4104421.97
2022-06-05,4088892.42
2022-06-06,4088892.42
2022-06-07,4088892.42
2022-06-08,4596310.33
2022-06-09,4596310.33
2022-06-10,4852324.49
2022-06-11,4852324.49
2022-06-12,4852324.49
2022-06-13,4852324.49
2022-06-14,4926563.12
2022-06-15,4184415.79
2022-06-16,4771525.59
2022-06-17,4721804.64
2022-06-18,5186175.1
2022-06-19,5381310.19
2022-06-20,6640951.71
2022-06-21,6784912.9
2022-06-22,6615163.49
2022-06-23,6615163.49
2022-06-24,7076653.19
2022-06-25,7076653.19
2022-06-26,6693886.75
2022-06-27,6780321.34
2022-06-28,6780321.34
2022-06-29,6440174.67
2022-06-30,6367766.37
2022-07-01,6691194.75
2022-07-02,5997145.6
2022-07-03,5380303.86
2022-07-04,6276104.99
2022-07-05,6450697.56
2022-07-06,7253283.68
2022-07-07,8100200.39
2022-07-08,7712798.37
2022-07-09,7486742.89
2022-07-10,7486742.89
2022-07-11,7402037.99
2022-07-12,7145231.3
2022-07-13,7061828.41
2022-07-14,7051066.54
2022-07-15,7068086.75
2022-07-16,7556698.12
2022-07-17,7481396.5
2022-07-18,7097378.4
2022-07-19,6110708.38
2022-07-20,6110708.38
2022-07-21,5985006.5
2022-07-22,5448215.18
2022-07-23,4302941.27
2022-07-24,5176061.34
2022-07-25,5454416.93
2022-07-26,5826000.07
2022-07-27,6083542.67
2022-07-28,5862776.61
2022-07-29,5904358.56
2022-07-30,6216842.65
2022-07-31,6209257.13
2022-08-01,6209257.13
2022-08-02,5909258.32
2022-08-03,6898198.95
2022-08-04,7017522.95
2022-08-05,7971574.0
2022-08-06,8244117.78
2022-08-07,7766947.6
2022-08-08,8155563.56
2022-08-09,8411577.72
2022-08-10,8275981.98
2022-08-11,8281963.59
2022-08-12,8557086.23
2022-08-13,8651408.25
2022-08-14,7924262.12
2022-08-15,7536105.33
2022-08-16,7339485.84
2022-08-17,6361627.84
2022-08-18,5620757.31
2022-08-19,5876765.18
2022-08-20,5696065.21
2022-08-21,5946676.43
2022-08-22,5946676.43
2022-08-23,6113727.51
2022-08-24,5932052.62
2022-08-25,5874739.87
2022-08-26,6307428.53
2022-08-27,5875123.55
2022-08-28,6112771.48
2022-08-29,6469038.93
2022-08-30,5819263.75
2022-08-31,5420873.43
2022-09-01,5267747.99
2022-09-02,5267747.99
2022-09-03,5700210.22
2022-09-04,5365372.15
2022-09-05,5365372.15
2022-09-06,5292919.83
2022-09-07,5292919.83
2022-09-08,5623191.5
2022-09-09,5330514.02
2022-09-10,5160846.37
2022-09-11,5160846.37
2022-09-12,4829165.77
2022-09-13,4829165.77
2022-09-14,4829165.77
2022-09-15,5071115.9
2022-09-16,5541486.82
2022-09-17,5198516.02
2022-09-18,5216850.82
2022-09-19,4715445.98
2022-09-20,4715445.98
2022-09-21,5170243.32
2022-09-22,5470242.13
2022-09-23,5827465.65
2022-09-24,4639974.55
2022-09-25,4382759.03
2022-09-26,4813082.73
2022-09-27,3859710.95
2022-09-28,3397617.4
2022-09-29,3353727.1
2022-09-30,3210287.96
2022-10-01,3546044.34
2022-10-02,3546044.34
2022-10-03,3139156.47
2022-10-04,3139156.47
2022-10-05,2926170.88
2022-10-06,2566003.74
2022-10-07,2777536.36
2022-10-08,2777536.36
2022-10-09,2566003.74
2022-10-10,2830421.09
2022-10-11,2647444.21
2022-10-12,2647444.21
2022-10-13,3327580.31
2022-10-14,3511400.03
2022-10-15,3166567.44
2022-10-16,3410851.11
2022-10-17,3410851.11
2022-10-18,3557441.44
2022-10-19,3959611.94
2022-10-20,3959611.94
2022-10-21,4008175.57
2022-10-22,4008175.57
2022-10-23,4436027.37
2022-10-24,4436027.37
2022-10-25,4436027.37
2022-10-26,4590913.98
2022-10-27,5220127.76
2022-10-28,5090148.83
2022-10-29,5302996.02
2022-10-30,4425963.7
2022-10-31,4751140.62
2022-11-01,4751329.32
2022-11-02,5335155.84
2022-11-03,5299631.0
2022-11-04,5299631.0
2022-11-05,5323991.43
2022-11-06,5427395.92
2022-11-07,5427395.92
2022-11-08,5123874.82
2022-11-09,5598742.94
2022-11-10,5403588.98
2022-11-11,5463241.54
2022-11-12,5844599.05
2022-11-13,5844599.05
2022-11-14,6065339.96
2022-11-15,6065339.96
2022-11-16,5939065.72
2022-11-17,5476173.39
2022-11-18,5476173.39
2022-11-19,5557689.35
2022-11-20,5430993.7
2022-11-21,5155330.17
2022-11-22,4760386.66
2022-11-23,5439101.25
2022-11-24,5602233.78
2022-11-25,5856210.06
2022-11-26,5792582.33
2022-11-27,5629449.8
2022-11-28,5852593.44
2022-11-29,5821647.57
2022-11-30,6261632.4
2022-12-01,5671465.76
2022-12-02,5895068.52
2022-12-03,5723985.67
2022-12-04,5211969.93
2022-12-05,5282818.36
2022-12-06,5282818.36
2022-12-07,5011444.46
2022-12-08,4635496.2
2022-12-09,4701029.73
2022-12-10,4940086.57
2022-12-11,4796691.47
2022-12-12,4761776.73
2022-12-13,4692783.79
2022-12-14,4678185.14
2022-12-15,5387996.57
2022-12-16,4719591.01
2022-12-17,4498850.1
2022-12-18,4205719.75
2022-12-19,4843915.39
2022-12-20,5352138.39
2022-12-21,5511188.86
2022-12-22,4327364.73
2022-12-23,4272247.11
2022-12-24,4620413.29
2022-12-25,5163236.53
2022-12-26,6120451.38
2022-12-27,6331285.83
2022-12-28,6610276.68
2022-12-29,6472781.42
2022-12-30,6728349.01
2022-12-31,6960015.32
2023-01-01,7269536.91
2023-01-02,7895668.69
2023-01-03,8049725.03
2023-01-04,8268371.42
2023-01-05,8151733.18
2023-01-06,8393997.81
2023-01-07,8393997.81
2023-01-08,8042271.59
2023-01-09,8042271.59
2023-01-10,7766406.8
2023-01-11,7570315.66
2023-01-12,8015080.78
2023-01-13,8015080.78
2023-01-14,7921557.6
2023-01-15,8129360.35
2023-01-16,6769855.51
2023-01-17,6516589.99
2023-01-18,6364514.95
2023-01-19,6087731.83
2023-01-20,6016851.95
2023-01-21,5500049.65
2023-01-22,5528548.77
2023-01-23,5905232.95
2023-01-24,5693844.98
2023-01-25,5693844.98
2023-01-26,6184481.67
2023-01-27,6184481.67
2023-01-28,6184481.67
2023-01-29,5802734.19
2023-01-30,5802734.19
2023-01-31,5896100.14
2023-02-01,6030073.1
2023-02-02,6072151.93
2023-02-03,7006232.85
2023-02-04,7075533.99
2023-02-05,7043367.89
2023-02-06,7434462.02
2023-02-07,7240547.16
2023-02-08,8025490.35
2023-02-09,8473463.24
2023-02-10,8915429.36
2023-02-11,8892911.87
2023-02-12,8512145.6
2023-02-13,7996242.74
2023-02-14,7996242.74
2023-02-15,7779256.85
2023-02-16,7764456.93
2023-02-17,7432587.64
2023-02-18,7039279.49
2023-02-19,6470749.81
2023-02-20,5864594.48
2023-02-21,5839366.04
2023-02-22,5839366.04
2023-02-23,5069681.92
2023-02-24,5069681.92
2023-02-25,4913512.21
2023-02-26,4913512.21
2023-02-27,4663982.84
2023-02-28,4663982.84
2023-03-01,5007859.37
2023-03-02,5882017.23
2023-03-03,6046445.46
2023-03-04,6046445.46
2023-03-05,6268249.34
2023-03-06,5843661.95
2023-03-07,6024883.98
2023-03-08,6778617.17
2023-03-09,6833030.32
2023-03-10,6777170.49
2023-03-11,6849654.27
2023-03-12,6849654.27
2023-03-13,6494047.25
2023-03-14,6550422.83
2023-03-15,6550422.83
2023-03-16,6039281.35
2023-03-17,6039281.35
2023-03-18,5158531.72
2023-03-19,5158531.72
2023-03-20,5158531.72
2023-03-21,5158531.72
2023-03-22,5728388.56
2023-03-23,5077720.23
2023-03-24,5097904.23
2023-03-25,5097904.23
2023-03-26,5562582.87
2023-03-27,5305184.94
2023-03-28,4482200.94
2023-03-29,4482200.94
2023-03-30,4143161.27
2023-03-31,4895516.98
2023-04-01,4840399.36
2023-04-02,4715106.33
2023-04-03,5130491.73
2023-04-04,4858438.55
2023-04-05,4858438.55
2023-04-06,4808855.98
2023-04-07,5572306.91
2023-04-08,5301486.53
2023-04-09,5068662.89
2023-04-10,5719331.22
2023-04-11,5719331.22
2023-04-12,5673164.01
2023-04-13,5935971.18
2023-04-14,5588943.46
2023-04-15,6233686.8
2023-04-16,6133395.77
2023-04-17,5972238.24
2023-04-18,5750434.36
2023-04-19,5237990.89
2023-04-20,5237990.89
2023-04-21,4587322.56
2023-04-22,4492050.8
2023-04-23,4648880.93
2023-04-24,4342453.93
2023-04-25,4694217.89
2023-04-26,4344233.95
2023-04-27,4150514.07
2023-04-28,4661869.38
2023-04-29,3972965.29
2023-04-30,3654663.13
2023-05-01,4015578.73
2023-05-02,3126771.86
2023-05-03,3136187.71
2023-05-04,3668047.82
2023-05-05,3668047.82
2023-05-06,4041096.5
2023-05-07,3223855.09
2023-05-08,3482655.65
2023-05-09,4317980.24
2023-05-10,4317980.24
2023-05-11,4317980.24
2023-05-12,4339522.83
2023-05-13,4739523.35
2023-05-14,4629690.67
2023-05-15,5138058.33
2023-05-16,5620681.81
2023-05-17,5986144.97
2023-05-18,5641098.54
2023-05-19,6062415.24
2023-05-20,6118872.59
2023-05-21,5311405.56
2023-05-22,5311405.56
2023-05-23,4747549.2
2023-05-24,5004764.73
2023-05-25,5034024.93
2023-05-26,4954012.24
2023-05-27,4778922.79
2023-05-28,4778922.79
2023-05-29,4778922.79
2023-05-30,4793030.84
2023-05-31,4085037.18
2023-06-01,4004999.34
2023-06-02,4128782.82
2023-06-03,4348165.13
2023-06-04,4611381.11
2023-06-05,4611381.11
2023-06-06,4611381.11
2023-06-07,4701117.84
2023-06-08,4197920.4
2023-06-09,4197920.4
2023-06-10,3682048.98
2023-06-11,3407014.4
2023-06-12,3186317.52
2023-06-13,2999013.24
2023-06-14,3411844.95
2023-06-15,3192645.05
2023-06-16,3456754.2
2023-06-17,3456754.2
2023-06-18,3456754.2
2023-06-19,3075384.1
2023-06-20,3075384.1
2023-06-21,3000975.64
2023-06-22,2723355.98
2023-06-23,3198960.02
2023-06-24,3053986.17
2023-06-25,3207551.9
2023-06-26,3950724.47
2023-06-27,3950724.47
2023-06-28,3208218.62
2023-06-29,2852322.26
2023-06-30,3183568.85
2023-07-01,3183568.85
2023-07-02,4100925.15
2023-07-03,3856559.71
2023-07-04,4242238.32
2023-07-05,4689871.55
2023-07-06,6515243.78
2023-07-07,7209292.93
2023-07-08,7197549.85
2023-07-09,7197549.85
2023-07-10,7197549.85
2023-07-11,7197549.85
2023-07-12,7128538.04
2023-07-13,5383172.2
2023-07-14,6192249.41
2023-07-15,6680860.78
2023-07-16,6483580.87
2023-07-17,6351538.89
2023-07-18,6312604.96
2023-07-19,4817089.26
2023-07-20,3976883.78
2023-07-21,3976883.78
2023-07-22,3233440.75
2023-07-23,3805945.61
2023-07-24,3652379.88
2023-07-25,4073904.15
2023-07-26,4073904.15
2023-07-27,4073904.15
2023-07-28,4346227.8
2023-07-29,3033475.11
2023-07-30,3033475.11
2023-07-31,3361010.71
2023-08-01,3865529.0
2023-08-02,4559578.16
2023-08-03,4559578.16
2023-08-04,4559578.16
2023-08-05,4213971.93
2023-08-06,4324490.19
2023-08-07,4175566.34
2023-08-08,3842527.15
2023-08-09,3365809.82
2023-08-10,2471511.96
2023-08-11,2471511.96
2023-08-12,2076776.02
2023-08-13,2022652.2
2023-08-14,2528491.35
2023-08-15,2528491.35
2023-08-16,2023973.06
2023-08-17,2760503.58
2023-08-18,2480707.63
2023-08-19,2445258.26
2023-08-20,2445258.26
2023-08-21,2445258.26
2023-08-22,2445258.26
2023-08-23,2550342.12
2023-08-24,2550342.12
2023-08-25,2550342.12
2023-08-26,3107399.21
2023-08-27,3107399.21
2023-08-28,3311648.24
2023-08-29,4226073.49
2023-08-30,4226073.49
2023-08-31,4571491.02
2023-09-01,4571491.02
2023-09-02,4148507.54
2023-09-03,4148507.54
2023-09-04,4148507.54
2023-09-05,4148507.54
2023-09-06,4138167.11
2023-09-07,4302960.15
2023-09-08,4163049.6
2023-09-09,3853049.99
2023-09-10,3864749.04
2023-09-11,3674633.22
2023-09-12,3221678.79
2023-09-13,4157992.58
2023-09-14,3669381.22
2023-09-15,3669381.22
2023-09-16,3993910.3
2023-09-17,3781346.15
2023-09-18,3626591.66
2023-09-19,3448891.92
2023-09-20,3448891.92
2023-09-21,4398118.71
2023-09-22,4912612.65
2023-09-23,4726308.46
2023-09-24,5214919.82
2023-09-25,5721054.6
2023-09-26,5725904.06
2023-09-27,6114570.32
2023-09-28,6299000.15
2023-09-29,5974471.07
2023-09-30,5689681.03
2023-10-01,5689681.03
2023-10-02,5858310.86
2023-10-03,5426785.82
2023-10-04,5663150.62
2023-10-05,5151141.17
2023-10-06,5659728.97
2023-10-07,6028355.9
2023-10-08,6293773.33
2023-10-09,6163429.58
2023-10-10,6999678.78
2023-10-11,6684200.75
2023-10-12,6058112.98
2023-10-13,7661234.75
2023-10-14,7271436.32
2023-10-15,7186039.57
2023-10-16,7189844.91
2023-10-17,7065595.99
2023-10-18,7388816.78
2023-10-19,8610266.54
2023-10-20,8123196.17
2023-10-21,8807634.5
2023-10-22,8656672.75
2023-10-23,8870809.36
2023-10-24,9032948.1
2023-10-25,8462537.77
2023-10-26,8429799.3
2023-10-27,8074808.69
2023-10-28,8418345.57
2023-10-29,8418345.57
2023-10-30,8432988.25
2023-10-31,7278216.75
2023-11-01,7741209.74
2023-11-02,8192535.13
2023-11-03,8199894.2
2023-11-04,7586794.9
2023-11-05,7949867.93
2023-11-06,8304556.64
2023-11-07,7877050.76
2023-11-08,8388192.22
2023-11-09,8725923.6
2023-11-10,8107031.38
2023-11-11,7283179.39
2023-11-12,8938575.8
2023-11-13,8884345.06
2023-11-14,8215637.54
2023-11-15,8221518.52
2023-11-16,8609348.24
2023-11-17,8557451.01
2023-11-18,8855902.53
2023-11-19,8045919.58
2023-11-20,9480669.43
2023-11-21,9669439.23
2023-11-22,8584723.65
2023-11-23,9198445.64
2023-11-24,9311354.03
2023-11-25,9771390.78
2023-11-26,9986791.62
2023-11-27,10079755.02
2023-11-28,10006006.99
2023-11-29,10068842.2
2023-11-30,10147169.25
2023-12-01,9874581.44
2023-12-02,9947706.78
2023-12-03,10319478.63
2023-12-04,9882311.63
2023-12-05,9745030.2
2023-12-06,9217497.49
2023-12-07,8714432.15
2023-12-08,8600379.01
2023-12-09,8980321.31
2023-12-10,8759762.8
2023-12-11,8910976.15
2023-12-12,8262326.84
2023-12-13,8562684.17
2023-12-14,7705804.39
2023-12-15,7975580.66
2023-12-16,7976454.94
2023-12-17,8209442.11
2023-12-18,8209442.11
2023-12-19,8767360.88
2023-12-20,9733620.46
2023-12-21,9986011.69
2023-12-22,9485657.25
2023-12-23,8898170.06
2023-12-24,8037132.71
2023-12-25,7925777.89
2023-12-26,6877782.17
2023-12-27,7220061.09
2023-12-28,7044254.59
2023-12-29,5913013.26
2023-12-30,6027324.28
2023-12-31,5984226.5
2024-01-01,5854404.81
2024-01-02,6120205.92
2024-01-03,5769297.39
2024-01-04,5769297.39
2024-01-05,5817961.67
2024-01-06,6263053.83
2024-01-07,6263053.83
2024-01-08,5996586.0
2024-01-09,6265689.28
2024-01-10,5601378.36
2024-01-11,5601378.36
2024-01-12,5635355.92
2024-01-13,5663465.09
2024-01-14,5274660.45
2024-01-15,5367919.47
2024-01-16,6786208.87
2024-01-17,7162792.43
2024-01-18,6384258.54
2024-01-19,7130362.17
2024-01-20,7130362.17
2024-01-21,7574737.29
2024-01-22,7723239.72
2024-01-23,7580536.49
2024-01-24,7506977.17
2024-01-25,7099372.28
2024-01-26,7930595.92
2024-01-27,7930595.92
2024-01-28,7930595.92
2024-01-29,7885762.15
2024-01-30,7128330.58
2024-01-31,6713907.53
2024-02-01,6713907.53
2024-02-02,6955977.18
2024-02-03,6597262.99
2024-02-04,6660035.3
2024-02-05,6327323.19
2024-02-06,7111555.65
2024-02-07,6601602.96
2024-02-08,5905597.66
2024-02-09,4995361.41
2024-02-10,5496753.67
2024-02-11,5256375.98
2024-02-12,6033463.23
2024-02-13,6383459.74
2024-02-14,5787129.09
2024-02-15,5744691.74
2024-02-16,5560777.69
2024-02-17,6725858.19
2024-02-18,5735502.34
2024-02-19,6799625.09
2024-02-20,6799625.09
2024-02-21,6749941.86
2024-02-22,6669092.63
2024-02-23,6467328.07
2024-02-24,6248040.11
2024-02-25,5645350.46
2024-02-26,5689259.62
2024-02-27,5882054.9
2024-02-28,5398670.37
2024-02-29,5646476.32
2024-03-01,5452297.28
2024-03-02,5608957.6
2024-03-03,5608957.6
2024-03-04,4773576.39
2024-03-05,5092501.23
2024-03-06,4801924.56
2024-03-07,3647769.46
2024-03-08,3520545.47
2024-03-09,3242378.59
2024-03-10,3537377.0
2024-03-11,3710428.56
2024-03-12,4026529.28
2024-03-13,4437643.88
2024-03-14,3783868.39
2024-03-15,4225897.42
2024-03-16,3909796.7
2024-03-17,4686644.93
2024-03-18,5175136.79
2024-03-19,5175136.79
2024-03-20,5384392.51
2024-03-21,5967514.56
2024-03-22,5967514.56
2024-03-23,6468302.98
2024-03-24,6468302.98
2024-03-25,6609144.43
2024-03-26,6531628.8
2024-03-27,6380729.96
2024-03-28,6113777.81
2024-03-29,6834458.04
2024-03-30,6552485.82
2024-03-31,6526483.74
2024-04-01,6793461.05
2024-04-02,6893462.76
2024-04-03,6893462.76
2024-04-04,7032215.99
2024-04-05,6619616.99
2024-04-06,6452496.71
2024-04-07,6452496.71
2024-04-08,6434948.13
2024-04-09,5627946.56
2024-04-10,5124679.93
2024-04-11,6110393.89
2024-04-12,6109475.57
2024-04-13,6109475.57
2024-04-14,6609477.78
2024-04-15,6994728.69
2024-04-16,6994728.69
2024-04-17,6744727.57
2024-04-18,6744727.57
2024-04-19,6248581.02
2024-04-20,5423030.78
2024-04-21,5423030.78
2024-04-22,5609322.39
2024-04-23,6699107.59
2024-04-24,5991189.41
2024-04-25,5991189.41
2024-04-26,5699285.59
2024-04-27,5394443.63
2024-04-28,5394443.63
2024-04-29,5589622.74
2024-04-30,6216219.96
2024-05-01,6604049.68
2024-05-02,6935900.09
2024-05-03,7125902.69
2024-05-04,6496431.02
2024-05-05,6453087.93
2024-05-06,6309271.41
2024-05-07,6254053.17
2024-05-08,6956983.55
2024-05-09,6913722.22
2024-05-10,7294941.37
2024-05-11,7407705.09
2024-05-12,7524758.47
2024-05-13,7300922.98
2024-05-14,6651952.9
2024-05-15,6186714.47
2024-05-16,7140539.09
2024-05-17,7168421.82
2024-05-18,7513839.35
2024-05-19,7101718.37
2024-05-20,7473465.04
2024-05-21,6684590.69
2024-05-22,6352740.28
2024-05-23,6546504.19
2024-05-24,6984105.18
2024-05-25,7566340.38
2024-05-26,8054951.74
2024-05-27,7408195.66
2024-05-28,6837131.17
2024-05-29,6064132.31
2024-05-30,5575520.95
2024-05-31,4909838.84
2024-06-01,4909838.84
2024-06-02,4140154.71
2024-06-03,4140154.71
2024-06-04,3284715.31
2024-06-05,3284715.31
2024-06-06,2542253.46
2024-06-07,2924768.29
2024-06-08,3730373.53
2024-06-09,3014593.06
2024-06-10,3977330.35
2024-06-11,3977330.35
2024-06-12,3880995.62
2024-06-13,4747920.24
2024-06-14,4648880.89
2024-06-15,4268875.69
2024-06-16,3492876.58
2024-06-17,4181302.65
2024-06-18,4272203.0
2024-06-19,4994851.96
2024-06-20,4994851.96
2024-06-21,5497917.3
2024-06-22,5669440.44
2024-06-23,5969439.26
2024-06-24,5900748.23
2024-06-25,5346546.71
2024-06-26,5329356.67
2024-06-27,5627191.79
2024-06-28,5627191.79
2024-06-29,5272031.36
2024-06-30,5782688.51
2024-07-01,5656275.88
2024-07-02,5530693.51
2024-07-03,5603020.06
2024-07-04,5655150.02
2024-07-05,6481109.1
2024-07-06,6718983.45
2024-07-07,7153785.49
2024-07-08,7343014.43
2024-07-09,6259368.11
2024-07-10,5748710.96
2024-07-11,5193698.07
2024-07-12,4967063.6
2024-07-13,5469424.49
2024-07-14,5469424.49
2024-07-15,5919422.7
2024-07-16,5919422.7
2024-07-17,6365313.7
2024-07-18,6252851.88
2024-07-19,6252851.88
2024-07-20,5855857.91
2024-07-21,4750958.33
2024-07-22,4750958.33
2024-07-23,5509377.4
2024-07-24,5331231.09
2024-07-25,5331231.09
2024-07-26,4780784.6
2024-07-27,4285468.29
2024-07-28,3789428.65
2024-07-29,4292487.71
2024-07-30,4136481.53
2024-07-31,3602464.02
2024-08-01,4343070.36
2024-08-02,4343070.36
2024-08-03,5117736.02
2024-08-04,5487765.62
2024-08-05,5487765.62
2024-08-06,5487765.62
2024-08-07,5848825.89
2024-08-08,5848825.89
2024-08-09,5120692.25
2024-08-10,5061259.82
2024-08-11,6316580.25
2024-08-12,6316580.25
2024-08-13,6716065.01
2024-08-14,6716065.01
2024-08-15,6716065.01
2024-08-16,6276948.17
2024-08-17,6359948.52
2024-08-18,6540918.94
2024-08-19,7030467.48
2024-08-20,6460962.84
2024-08-21,6460962.84
2024-08-22,6704227.56
2024-08-23,5945808.49
2024-08-24,5400481.9
2024-08-25,5400481.9
2024-08-26,5131020.12
2024-08-27,5449794.01
2024-08-28,5524406.26
2024-08-29,5272876.73
2024-08-30,4160064.54
2024-08-31,3276383.88
2024-09-01,3206183.29
2024-09-02,4046646.65
2024-09-03,3972034.4
2024-09-04,3724681.3
2024-09-05,3485442.04
2024-09-06,3029682.34
2024-09-07,3029682.34
2024-09-08,3848439.58
2024-09-09,4533657.84
2024-09-10,4614161.13
2024-09-11,4614161.13
2024-09-12,4905140.35
2024-09-13,5215454.46
2024-09-14,4658076.6
2024-09-15,4750838.72
2024-09-16,4631030.4
2024-09-17,4513939.28
2024-09-18,4516474.53
2024-09-19,4274687.92
2024-09-20,3881222.52
2024-09-21,3881222.52
2024-09-22,3527596.78
2024-09-23,3204728.22
2024-09-24,3204728.22
2024-09-25,3204728.22
2024-09-26,2159305.08
2024-09-27,2159305.08
2024-09-28,2159305.08
2024-09-29,2159305.08
2024-09-30,2159305.08
2024-10-01,2159305.08
2024-10-02,2300253.45
2024-10-03,2433880.48
2024-10-04,2592503.24
2024-10-05,2974030.57
2024-10-06,3475133.52
2024-10-07,3475133.52
2024-10-08,3725109.47
2024-10-09,3725109.47
2024-10-10,2946682.48
2024-10-11,2946682.48
2024-10-12,3052225.51
2024-10-13,3329222.47
2024-10-14,3851735.91
2024-10-15,3718102.59
2024-10-16,3718102.59
2024-10-17,3718102.59
2024-10-18,3718102.59
2024-10-19,3822098.32
2024-10-20,4037832.53
2024-10-21,4037832.53
2024-10-22,3361055.17
2024-10-23,3622799.35
2024-10-24,3507658.07
2024-10-25,3507658.07
2024-10-26,3968644.58
2024-10-27,3964185.11
2024-10-28,3634108.47
2024-10-29,3801046.36
2024-10-30,3491279.47
2024-10-31,4143451.1
2024-11-01,4143451.1
2024-11-02,3915143.54
2024-11-03,4125613.18
2024-11-04,4125613.18
2024-11-05,4688192.73
2024-11-06,4666857.69
2024-11-07,4807328.01
2024-11-08,4875735.99
2024-11-09,4875735.99
2024-11-10,5109138.29
2024-11-11,5109811.3
2024-11-12,6420450.63
2024-11-13,6810619.71
2024-11-14,6963613.06
2024-11-15,6855912.62
2024-11-16,7022969.99
2024-11-17,6335065.96
2024-11-18,6029418.92
2024-11-19,5017463.87
2024-11-20,5017463.87
2024-11-21,5122201.79
2024-11-22,4611060.32
2024-11-23,5886067.86
2024-11-24,6652713.99
2024-11-25,6707221.49
2024-11-26,7450645.66
2024-11-27,7703319.94
2024-11-28,7630722.96
2024-11-29,7637182.59
2024-11-30,8202076.78
2024-12-01,8293348.22
2024-12-02,7973133.99
2024-12-03,6917647.14
2024-12-04,6917647.14
2024-12-05,6673445.23
2024-12-06,6161265.94
2024-12-07,6006857.38
2024-12-08,5385505.85
2024-12-09,5385505.85
2024-12-10,5890024.14
2024-12-11,5188207.05
2024-12-12,5308700.96
2024-12-13,5181087.0
2024-12-14,5181087.0
2024-12-15,5181087.0
2024-12-16,4575541.76
2024-12-17,4203675.59
2024-12-18,5567891.52
2024-12-19,5049221.16
2024-12-20,5823685.54
2024-12-21,5823685.54
2024-12-22,5640280.94
2024-12-23,4614821.64
2024-12-24,4863124.5
2024-12-25,4098837.0
2024-12-26,4098837.0
2024-12-27,3771213.34
2024-12-28,4110561.2
2024-12-29,4064104.65
2024-12-30,3516677.27
2024-12-31,3516677.27
2025-01-01,3516677.27
2025-01-02,3516677.27
2025-01-03,2941983.56
2025-01-04,2817407.57
2025-01-05,2410431.66
2025-01-06,2346803.93
2025-01-07,2305404.38
2025-01-08,2812388.28
2025-01-09,2786071.7
2025-01-10,2786071.7
2025-01-11,2525805.62
2025-01-12,2219189.93
2025-01-13,2219189.93
2025-01-14,2871694.88
2025-01-15,2731186.79
2025-01-16,2871996.78
2025-01-17,3689577.83
2025-01-18,3689577.83
2025-01-19,3689577.83
2025-01-20,3689577.83
2025-01-21,4000483.17
2025-01-22,3500480.96
2025-01-23,3500480.96
2025-01-24,3500480.96
2025-01-25,3511966.15
2025-01-26,3631258.7
2025-01-27,4143280.73
2025-01-28,5125252.26
2025-01-29,5257797.44
2025-01-30,5257797.44
2025-01-31,4745775.41
2025-02-01,5010060.69
2025-02-02,4895504.36
2025-02-03,3738116.28
2025-02-04,3866736.62
2025-02-05,3363671.28
2025-02-06,3599602.08
2025-02-07,3853628.66
2025-02-08,3676048.43
2025-02-09,3676048.43
2025-02-10,2826766.75
2025-02-11,3338757.34
2025-02-12,2822942.53
2025-02-13,2771101.91
2025-02-14,2270131.07
2025-02-15,3077554.07
2025-02-16,2565563.48
2025-02-17,2565563.48
2025-02-18,2565563.48
2025-02-19,2329632.68
2025-02-20,2329632.68
2025-02-21,2329632.68
2025-02-22,2825628.28
2025-02-23,2830062.59
2025-02-24,3625717.36
2025-02-25,4650780.38
2025-02-26,4587259.58
2025-02-27,4724723.4
2025-02-28,4494006.86
2025-03-01,3979512.93
2025-03-02,3335071.5
2025-03-03,3585607.24
2025-03-04,3909368.95
2025-03-05,3909368.95
2025-03-06,3951598.74
2025-03-07,3951598.74
2025-03-08,4302740.02
2025-03-09,5248922.53
2025-03-10,5385323.38
2025-03-11,5617870.24
2025-03-12,5617870.24
2025-03-13,5617870.24
2025-03-14,5617870.24
2025-03-15,6150799.61
2025-03-16,5650369.69
2025-03-17,5791185.98
2025-03-18,6101135.28
2025-03-19,5599956.88
2025-03-20,5413904.28
2025-03-21,5413904.28
2025-03-22,4603028.19
2025-03-23,3935754.77
2025-03-24,3935754.77
2025-03-25,3586808.65
2025-03-26,3843137.29
2025-03-27,3843137.29
2025-03-28,3843137.29
2025-03-29,3843137.29
2025-03-30,4091572.23
2025-03-31,3833620.79
2025-04-01,3833620.79
2025-04-02,3833620.79
2025-04-03,3239013.53
2025-04-04,3166561.2
2025-04-05,3323221.52
2025-04-06,3643876.07
2025-04-07,3292086.96
2025-04-08,4102629.7
2025-04-09,4515266.43
2025-04-10,4515266.43
2025-04-11,4718376.99
2025-04-12,4890044.79
2025-04-13,4827675.02
2025-04-14,4827675.02
2025-04-15,4664504.75
2025-04-16,4940709.2
2025-04-17,5956299.79
2025-04-18,5956299.79
2025-04-19,5453938.9
2025-04-20,4662164.96
2025-04-21,4662164.96
2025-04-22,4662164.96
2025-04-23,4662164.96
2025-04-24,4147884.88
2025-04-25,3899443.65
2025-04-26,3899443.65
2025-04-27,4861640.03
2025-04-28,4352712.58
2025-04-29,3367061.51
2025-04-30,3367061.51
2025-05-01,3468270.85
2025-05-02,2947732.41
2025-05-03,2947732.41
2025-05-04,2573633.34
2025-05-05,2511263.57
2025-05-06,2511263.57
2025-05-07,2511263.57
2025-05-08,1949753.28
2025-05-09,2069328.87
2025-05-10,1952992.53
2025-05-11,2463203.1
2025-05-12,1983045.25
2025-05-13,2154568.39
2025-05-14,2294567.01
2025-05-15,2567343.52
2025-05-16,3339015.22
2025-05-17,3339015.22
2025-05-18,2655985.82
2025-05-19,3015196.9
2025-05-20,2972967.11
2025-05-21,3593475.81
2025-05-22,3083265.24
2025-05-23,3083265.24
2025-05-24,3083265.24
2025-05-25,3083265.24
2025-05-26,3083265.24
2025-05-27,3083265.24
2025-05-28,3083265.24
2025-05-29,3083265.24
2025-05-30,3083265.24
2025-05-31,3083265.24
2025-06-01,3083265.24
2025-06-02,3854452.63
2025-06-03,4136343.08
2025-06-04,3886977.24
2025-06-05,3115305.54
2025-06-06,2980407.98
2025-06-07,2980407.98
2025-06-08,2980407.98
2025-06-09,3488706.45
2025-06-10,3488706.45
2025-06-11,3488706.45
2025-06-12,3989677.29
2025-06-13,3613515.16
2025-06-14,2934706.2
2025-06-15,2934706.2
2025-06-16,3852974.53
2025-06-17,3081787.14
2025-06-18,2506351.23
2025-06-19,2506351.23
2025-06-20,2506351.23
2025-06-21,2424457.89
2025-06-22,2938737.97
2025-06-23,2938737.97
2025-06-24,2938737.97
2025-06-25,3270965.77
2025-06-26,3881259.82
2025-06-27,3881259.82
2025-06-28,3881259.82
2025-06-29,3881259.82
2025-06-30,3881259.82
2025-07-01,4032850.55
2025-07-02,5021464.12
2025-07-03,5021464.12
2025-07-04,5021464.12
2025-07-05,4695796.59
2025-07-06,4193020.56
2025-07-07,3693018.35
2025-07-08,3693018.35
2025-07-09,3666506.79
2025-07-10,4074080.24
2025-07-11,4372204.66
2025-07-12,4122046.31
2025-07-13,4010238.63
2025-07-14,4142853.0
2025-07-15,3276985.08
2025-07-16,3276985.08
2025-07-17,3276985.08
2025-07-18,3276985.08
2025-07-19,4053298.66
2025-07-20,4053298.66
2025-07-21,4556496.09
2025-07-22,4556496.09
2025-07-23,4556496.09
2025-07-24,4556496.09
2025-07-25,4556496.09
2025-07-26,4911920.71
2025-07-27,4911920.71
2025-07-28,5427792.13
2025-07-29,4924726.79
2025-07-30,5117213.88
2025-07-31,5117213.88
2025-08-01,5510465.44
2025-08-02,5941273.44
2025-08-03,5941273.44
2025-08-04,5881727.8
2025-08-05,5917869.07
2025-08-06,6406480.44
2025-08-07,6167404.74
2025-08-08,6376157.27
2025-08-09,6039721.57
2025-08-10,6355287.67
2025-08-11,6355287.67
2025-08-12,6863988.68
2025-08-13,6111255.59
2025-08-14,6111255.59
2025-08-15,5931819.87
2025-08-16,5931819.87
2025-08-17,5708493.86
2025-08-18,5708493.86
2025-08-19,5708493.86
2025-08-20,5977496.46
2025-08-21,6279577.2
2025-08-22,7022680.58
2025-08-23,6545522.97
2025-08-24,5447139.63
2025-08-25,5962954.42
2025-08-26,5707015.73
2025-08-27,5701914.69
2025-08-28,5701914.69
2025-08-29,5193213.68
2025-08-30,5528341.08
2025-08-31,5528341.08
2025-09-01,5395456.24
2025-09-02,3558032.71
2025-09-03,4235426.44
2025-09-04,4575157.98
2025-09-05,4582051.62
2025-09-06,4093710.72
2025-09-07,4093710.72
2025-09-08,4102170.51
2025-09-09,3586355.72
2025-09-10,3586355.72
2025-09-11,3586355.72
2025-09-12,3918030.01
2025-09-13,4618029.32
2025-09-14,4618029.32
2025-09-15,4457771.23
2025-09-16,4457771.23
2025-09-17,4771085.58
2025-09-18,5022784.93
2025-09-19,5350773.4
2025-09-20,4422692.97
2025-09-21,4704451.35
2025-09-22,4704451.35
2025-09-23,4490264.42
2025-09-24,4238565.07
2025-09-25,4139374.75
2025-09-26,4075621.22
2025-09-27,3426619.71
2025-09-28,2682969.11
2025-09-29,2384920.15
2025-09-30,2133220.8
2025-10-01,2443692.15
2025-10-02,2443692.15
2025-10-03,2443692.15
2025-10-04,2902080.98
2025-10-05,3379238.6
2025-10-06,3370602.67
2025-10-07,3451131.12
2025-10-08,3889813.97
2025-10-09,3889813.97
2025-10-10,4180547.89
2025-10-11,4147010.62
2025-10-12,3721058.35
2025-10-13,4280650.22
2025-10-14,4280650.22
2025-10-15,3930735.47
2025-10-16,4310073.95
2025-10-17,4608129.22
2025-10-18,4301978.98
2025-10-19,4555898.64
2025-10-20,4622375.65
2025-10-21,3897361.74
2025-10-22,4153451.38
2025-10-23,4153451.38
2025-10-24,4153451.38
2025-10-25,4649138.78
2025-10-26,4300192.66
2025-10-27,4300192.66
2025-10-28,4526814.55
2025-10-29,4526814.55
2025-10-30,4526814.55
2025-10-31,4526814.55
2025-11-01,3464647.91
2025-11-02,3464647.91
2025-11-03,4223066.98
2025-11-04,4569245.62
2025-11-05,3891851.87
2025-11-06,3889606.4
2025-11-07,4223211.67
2025-11-08,4035555.17
2025-11-09,4293506.6
2025-11-10,4293506.6
2025-11-11,4630715.93
2025-11-12,4122882.9
2025-11-13,4122882.9
2025-11-14,3634271.53
2025-11-15,3634271.53
2025-11-16,3634271.53
2025-11-17,4152382.1
2025-11-18,4359147.05
2025-11-19,4996745.16
2025-11-20,4996745.16
2025-11-21,4663139.89
2025-11-22,4907027.29
2025-11-23,5236537.88
2025-11-24,5357239.36
2025-11-25,5625449.47
2025-11-26,4867030.4
2025-11-27,4771909.59
2025-11-28,4513958.16
2025-11-29,5198390.21
2025-11-30,5198390.21
2025-12-01,5198390.21
2025-12-02,5422313.76
2025-12-03,5324092.08
2025-12-04,5164324.58
2025-12-05,4395011.55
2025-12-06,3906400.19
2025-12-07,3906400.19
2025-12-08,3578216.73
2025-12-09,3578216.73
2025-12-10,3476435.03
2025-12-11,3224175.88
2025-12-12,3722989.32
2025-12-13,3787063.63
2025-12-14,3787063.63
2025-12-15,3415449.03
2025-12-16,3470340.21
2025-12-17,3133678.07
2025-12-18,2546209.74
2025-12-19,3009479.45
2025-12-20,3634347.0
2025-12-21,3692930.3
2025-12-22,3634630.04
2025-12-23,3634630.04
2025-12-24,3632227.33
2025-12-25,4133921.5
2025-12-26,4873672.42
2025-12-27,5021338.31
2025-12-28,5366755.85
2025-12-29,5869821.19
2025-12-30,5910566.59
2025-12-31,5325746.28
